id,title,x_pos,y_pos,width,height,shape,creator,num,comment,timestamp,modifiable,CAM
30287,technological            implant,553.0,198.0,182.0,136.0,ambivalent,1140,3.0, ,16:10:14,1,2106
30288,scary,583.0,363.0,160.0,120.0,negative strong,1140,4.0, ,14:52:27,1,2106
30289,painful,514.0,502.0,160.0,120.0,negative weak,1140,5.0, ,,1,2106
30290,side effects,695.0,502.0,160.0,120.0,negative weak,1140,6.0, ,,1,2106
30291,abuse,800.0,357.0,160.0,120.0,negative strong,1140,7.0, ,14:55:34,1,2106
30292,by hackers / terrorists,878.0,504.0,160.0,120.0,negative weak,1140,9.0, ,17:26:24,1,2106
30293,by employers,1008.0,444.0,160.0,120.0,negative weak,1140,10.0, ,14:56:19,1,2106
30294,by governments / military,1001.0,347.0,160.0,120.0,negative weak,1140,11.0, ,15:48:17,1,2106
30295,unfair / ethics,262.0,367.0,160.0,120.0,negative strong,1140,13.0, ,17:26:32,1,2106
30296,class dividing,333.0,506.0,160.0,120.0,negative weak,1140,14.0, ,14:58:40,1,2106
30297,costs,26.0,506.0,160.0,120.0,negative weak,1140,15.0, ,15:20:10,1,2106
30298,coercion,24.0,384.0,160.0,120.0,negative weak,1140,16.0, ,,1,2106
30299,possible danger,208.0,146.0,160.0,120.0,negative strong,1140,18.0,,19:30:42,1,2106
30300,politics,186.0,263.0,160.0,120.0,negative weak,1140,19.0, ,,1,2106
30301,assurances,37.0,214.0,160.0,120.0,negative weak,1140,20.0, ,,1,2106
30302,health,234.0,42.0,160.0,120.0,negative weak,1140,21.0, ,15:23:29,1,2106
30303,use by children,937.0,140.0,160.0,120.0,ambivalent,1140,22.0, ,,1,2106
30304,data privacy,366.0,92.0,160.0,120.0,negative weak,1140,23.0, ,,1,2106
30306,improved sleep,667.0,20.0,160.0,120.0,positive weak,1140,25.0, ,,1,2106
30307,increased productivity,859.0,36.0,160.0,120.0,ambivalent,1140,26.0, ,15:26:38,1,2106
30308,technical reliability,78.0,20.0,160.0,120.0,negative weak,1140,27.0,,19:29:40,1,2106
30309,mitigating sleep disorders,490.0,20.0,160.0,120.0,positive strong,1140,28.0, ,15:20:26,1,2106
30310,long term effects,20.0,114.0,160.0,120.0,negative weak,1140,29.0, ,,1,2106
30305,by addicts,1006.0,249.0,160.0,120.0,negative weak,1140,24.0, ,,1,2106
30311,by sexual criminals,836.0,248.0,160.0,120.0,negative weak,1140,31.0, ,,1,2106
30312,'sth.' inside us / unnatural,425.0,409.0,160.0,120.0,negative weak,1140,33.0, ,16:10:43,1,2106
30313,surveillance,174.0,544.0,160.0,120.0,negative weak,1140,35.0, ,,1,2106
