id,title,x_pos,y_pos,width,height,shape,creator,num,comment,timestamp,modifiable,CAM
30353,mental benefits,289.0,450.0,160.0,120.0,positive strong,1126,71.0,,,1,2047
30351,self-decomposing,59.0,90.0,160.0,120.0,positive weak,1126,69.0,,13:02:28,1,2047
30352,sustainable,58.0,212.0,160.0,120.0,positive weak,1126,70.0,,13:02:49,1,2047
30350,easily implanted,170.0,20.0,161.0,115.0,positive weak,1126,67.0,,13:02:33,1,2047
30349,self-repairing,341.0,70.0,160.0,120.0,positive weak,1126,66.0,,,1,2047
30348,less sleep related accidents,420.0,521.0,160.0,120.0,positive weak,1126,65.0,,,1,2047
30347,increases concentration,331.0,597.0,160.0,120.0,positive weak,1126,64.0,,,1,2047
30346,increases the chance of accomplishments,157.0,591.0,160.0,120.0,positive weak,1126,63.0,,,1,2047
30345,increases effectivity,78.0,508.0,160.0,120.0,positive weak,1126,62.0,,13:00:17,1,2047
30344,improved work performance,101.0,417.0,160.0,120.0,positive weak,1126,61.0,,,1,2047
30343,contribution to science,165.0,323.0,160.0,120.0,positive strong,1126,60.0,,12:59:49,1,2047
30342,sleep can be more efficient,747.0,592.0,160.0,120.0,positive weak,1126,59.0,,,1,2047
30341,optimizes free time,569.0,580.0,160.0,120.0,positive weak,1126,58.0,,,1,2047
30340,helps with sleep related disorders,816.0,499.0,160.0,120.0,positive weak,1126,57.0,,,1,2047
30339,optimizes sleep,612.0,475.75,160.0,120.0,positive weak,1126,54.0,,12:56:42,1,2047
30338,replaces drugs,815.0,402.0,160.0,120.0,positive weak,1126,53.0,,12:57:19,1,2047
30337,sleep disorder,780.0,314.0,160.0,120.0,positive weak,1126,52.0,,12:55:34,1,2047
30336,health/medical benefits,610.0,365.0,160.0,120.0,positive strong,1126,51.0,,,1,2047
30335,use by childre,842.0,222.0,160.0,120.0,ambivalent,1126,50.0,,,1,2047
30334,military use,841.0,134.0,160.0,120.0,ambivalent,1126,49.0,,,1,2047
30333,ethics,838.0,20.0,160.0,120.0,negative strong,1126,48.0,,,1,2047
30332,abuse,677.0,20.0,160.0,120.0,negative strong,1126,47.0,,12:52:46,1,2047
30331,unnatural,513.0,20.0,160.0,120.0,negative strong,1126,46.0,,,1,2047
30295,characteristics of the implant,226.0,141.0,160.0,120.0,positive strong,1126,36.0,,12:11:40,1,2047
30268,technological implant,439.0,287.0,166.6,119.0,ambivalent,1126,1.0,,12:44:45,1,2047
