id,title,x_pos,y_pos,width,height,shape,creator,num,comment,timestamp,modifiable,CAM
30192,increases the chance of accomplishments,658.0,706.0,131.333,98.0,positive strong,1126,20.0,,,1,2047
30191,helps with stress and other medical issues,653.0,143.0,128.667,96.0,positive strong,1126,19.0,,,1,2047
30189,sleep is more efficient,683.0,20.0,131.333,98.0,positive strong,1126,17.0,,,1,2047
30190,optimizes free time,331.0,23.0,115.333,86.0,positive strong,1126,18.0,,,1,2047
30117,sustainable,54.0,413.0,160.0,120.0,positive strong,1126,16.0,,,1,2047
30116,Optimizes sleep,486.0,97.0,128.8,92.0,positive strong,1126,15.0,,,1,2047
30115,easy implanted,38.0,155.0,160.0,120.0,positive strong,1126,14.0,,,1,2047
30114,easy to use,73.0,282.0,160.0,120.0,positive strong,1126,13.0,,,1,2047
30113,increases concentration,814.0,644.0,126.0,90.0,positive strong,1126,12.0,,21:54:29,1,2047
30112,mental benefits,624.0,509.0,160.0,120.0,positive strong,1126,11.0,,,1,2047
30111,improved work performance,74.0,677.0,134.4,96.0,positive strong,1126,10.0,,,1,2047
30110,less sleep related accidents,827.6,441.0,127.4,91.0,positive strong,1126,8.0,,,1,2047
30109,replaces drugs,876.8,219.0,116.2,83.0,positive strong,1126,7.0,,,1,2047
30108,increases effectivity,357.0,723.0,140.0,100.0,positive strong,1126,6.0,,,1,2047
30107,work,325.0,549.0,160.0,120.0,positive strong,1126,5.0,,,1,2047
30106,sleep disorders,784.0,336.0,130.2,93.0,positive strong,1126,4.0,,21:47:30,1,2047
30105,health/medical benefits,596.0,319.0,160.0,120.0,positive strong,1126,3.0,,21:51:02,1,2047
30104,self-repairing,215.0,165.0,160.0,120.0,positive strong,1126,2.0,,,1,2047
30103,technological implant,425.0,412.0,160.0,120.0,neutral,1126,1.0,,,1,2047
